{"cameraMode":{"drawMode":0,"name":"Shaded","section":"Shading Mode"},"sceneLighting":true,"audioPlay":false,"sceneViewState":{"m_AlwaysRefresh":false,"showFog":true,"showSkybox":true,"showFlares":true,"showImageEffects":true,"showParticleSystems":true,"showVisualEffectGraphs":true,"m_FxEnabled":true},"in2DMode":false,"pivot":{"x":164.78297424316407,"y":3.03330397605896,"z":81.73110961914063},"rotation":{"x":0.007394637446850538,"y":0.2846554219722748,"z":-0.0023536141961812975,"w":0.9588160514831543},"size":0.3169059157371521,"orthographic":false}