{"cameraMode":{"drawMode":0,"name":"Shaded","section":"Shading Mode"},"sceneLighting":true,"audioPlay":false,"sceneViewState":{"m_AlwaysRefresh":false,"showFog":true,"showSkybox":true,"showFlares":true,"showImageEffects":true,"showParticleSystems":true,"showVisualEffectGraphs":true,"m_FxEnabled":true},"in2DMode":false,"pivot":{"x":49.321495056152347,"y":-4.8917412757873539,"z":32.27048110961914},"rotation":{"x":0.10825928300619126,"y":0.6598027944564819,"z":-0.09687432646751404,"w":0.7374516725540161},"size":12.12435531616211,"orthographic":false}